{
    "name": "root",
    "gauges": {
        "MyBehavior.Policy.Entropy.mean": {
            "value": 1.7606240510940552,
            "min": 1.7606240510940552,
            "max": 1.7706091403961182,
            "count": 2
        },
        "MyBehavior.Policy.Entropy.sum": {
            "value": 88344.59375,
            "min": 88344.59375,
            "max": 89761.03125,
            "count": 2
        },
        "MyBehavior.Environment.EpisodeLength.mean": {
            "value": 30.796060991105463,
            "min": 30.796060991105463,
            "max": 33.778859527121,
            "count": 2
        },
        "MyBehavior.Environment.EpisodeLength.sum": {
            "value": 48473.0,
            "min": 48473.0,
            "max": 48574.0,
            "count": 2
        },
        "MyBehavior.Step.mean": {
            "value": 99992.0,
            "min": 49975.0,
            "max": 99992.0,
            "count": 2
        },
        "MyBehavior.Step.sum": {
            "value": 99992.0,
            "min": 49975.0,
            "max": 99992.0,
            "count": 2
        },
        "MyBehavior.Policy.ExtrinsicValueEstimate.mean": {
            "value": -596.1484985351562,
            "min": -596.1484985351562,
            "max": -80.03715515136719,
            "count": 2
        },
        "MyBehavior.Policy.ExtrinsicValueEstimate.sum": {
            "value": -953837.5625,
            "min": -953837.5625,
            "max": -119095.28125,
            "count": 2
        },
        "MyBehavior.Environment.CumulativeReward.mean": {
            "value": -13610.130324221233,
            "min": -16372.135699373695,
            "max": -13610.130324221233,
            "count": 2
        },
        "MyBehavior.Environment.CumulativeReward.sum": {
            "value": -21408735.0,
            "min": -23526759.0,
            "max": -21408735.0,
            "count": 2
        },
        "MyBehavior.Policy.ExtrinsicReward.mean": {
            "value": -13610.130324221233,
            "min": -16372.135699373695,
            "max": -13610.130324221233,
            "count": 2
        },
        "MyBehavior.Policy.ExtrinsicReward.sum": {
            "value": -21408735.0,
            "min": -23526759.0,
            "max": -21408735.0,
            "count": 2
        },
        "MyBehavior.Losses.PolicyLoss.mean": {
            "value": 0.02409896339289844,
            "min": 0.02409896339289844,
            "max": 0.024433456190551317,
            "count": 2
        },
        "MyBehavior.Losses.PolicyLoss.sum": {
            "value": 0.1204948169644922,
            "min": 0.09773382476220527,
            "max": 0.1204948169644922,
            "count": 2
        },
        "MyBehavior.Losses.ValueLoss.mean": {
            "value": 34710660.440000005,
            "min": 34710660.440000005,
            "max": 45121950.0,
            "count": 2
        },
        "MyBehavior.Losses.ValueLoss.sum": {
            "value": 173553302.20000002,
            "min": 173553302.20000002,
            "max": 180487800.0,
            "count": 2
        },
        "MyBehavior.Policy.LearningRate.mean": {
            "value": 0.00025679737440088,
            "min": 0.00025679737440088,
            "max": 0.00028456125514624995,
            "count": 2
        },
        "MyBehavior.Policy.LearningRate.sum": {
            "value": 0.0012839868720044,
            "min": 0.0011382450205849998,
            "max": 0.0012839868720044,
            "count": 2
        },
        "MyBehavior.Policy.Epsilon.mean": {
            "value": 0.18559912000000006,
            "min": 0.18559912000000006,
            "max": 0.19485375,
            "count": 2
        },
        "MyBehavior.Policy.Epsilon.sum": {
            "value": 0.9279956000000003,
            "min": 0.779415,
            "max": 0.9279956000000003,
            "count": 2
        },
        "MyBehavior.Policy.Beta.mean": {
            "value": 0.004281396088,
            "min": 0.004281396088,
            "max": 0.004743202125,
            "count": 2
        },
        "MyBehavior.Policy.Beta.sum": {
            "value": 0.02140698044,
            "min": 0.0189728085,
            "max": 0.02140698044,
            "count": 2
        },
        "MyBehavior.IsTraining.mean": {
            "value": 1.0,
            "min": 1.0,
            "max": 1.0,
            "count": 2
        },
        "MyBehavior.IsTraining.sum": {
            "value": 1.0,
            "min": 1.0,
            "max": 1.0,
            "count": 2
        }
    },
    "metadata": {
        "timer_format_version": "0.1.0",
        "start_time_seconds": "1703685464",
        "python_version": "3.9.13 (tags/v3.9.13:6de2ca5, May 17 2022, 16:36:42) [MSC v.1929 64 bit (AMD64)]",
        "command_line_arguments": "C:\\Users\\dipci\\OneDrive\\Belgeler\\UnityProjects\\MLdeneme1\\MLvenv2\\Scripts\\mlagents-learn --run-id =MangalaDeneme1 --force",
        "mlagents_version": "0.30.0",
        "mlagents_envs_version": "0.30.0",
        "communication_protocol_version": "1.5.0",
        "pytorch_version": "1.13.1+cu117",
        "numpy_version": "1.21.2",
        "end_time_seconds": "1703685551"
    },
    "total": 87.2821567,
    "count": 1,
    "self": 0.004073899999994524,
    "children": {
        "run_training.setup": {
            "total": 0.02343790000000001,
            "count": 1,
            "self": 0.02343790000000001
        },
        "TrainerController.start_learning": {
            "total": 87.2546449,
            "count": 1,
            "self": 0.10208109999960868,
            "children": {
                "TrainerController._reset_env": {
                    "total": 10.417923600000002,
                    "count": 1,
                    "self": 10.417923600000002
                },
                "TrainerController.advance": {
                    "total": 76.65792710000038,
                    "count": 5451,
                    "self": 0.09033960000039087,
                    "children": {
                        "env_step": {
                            "total": 45.633447599999634,
                            "count": 5451,
                            "self": 30.526468499999627,
                            "children": {
                                "SubprocessEnvManager._take_step": {
                                    "total": 15.050840900000056,
                                    "count": 5451,
                                    "self": 0.2787188999999586,
                                    "children": {
                                        "TorchPolicy.evaluate": {
                                            "total": 14.772122000000097,
                                            "count": 5451,
                                            "self": 14.772122000000097
                                        }
                                    }
                                },
                                "workers": {
                                    "total": 0.05613819999995151,
                                    "count": 5450,
                                    "self": 0.0,
                                    "children": {
                                        "worker_root": {
                                            "total": 68.26197200000054,
                                            "count": 5450,
                                            "is_parallel": true,
                                            "self": 53.34034350000109,
                                            "children": {
                                                "steps_from_proto": {
                                                    "total": 0.0005170000000003228,
                                                    "count": 1,
                                                    "is_parallel": true,
                                                    "self": 0.0002902999999996325,